fecha,tasa_global_participacion_area,tasa_global_participacion_nacional,tasa_desempleo_area,tasa_desempleo_nacional,tasa_ocupacion_area,tasa_ocupacion_nacional,anio,tasa_desempleo_nacional_lag1,tasa_desempleo_nacional_lag3,tasa_desempleo_nacional_lag6,tasa_desempleo_nacional_lag12,tasa_desempleo_nacional_rollmean3,tasa_desempleo_nacional_rollstd3,tasa_desempleo_nacional_rollmean6,tasa_desempleo_nacional_rollstd6,tasa_desempleo_nacional_rollmean12,tasa_desempleo_nacional_rollstd12,mes,covid
2001-01-31,70.0177,69.0535376390293,20.7176,16.622326481659,55.5117,57.5752369764875,2001,,,,,,,,,,,1,0
2001-02-28,70.2342,68.9489030568513,19.5518,17.4342062418222,56.5021,56.9282090964458,2001,16.622326481659,,,,,,,,,,2,0
2001-03-31,69.1487,68.3879105547224,19.124,15.8119334684307,55.9247,57.5744596373598,2001,17.4342062418222,,,,16.622822063970634,0.8111365002409924,,,,,3,0
2001-04-30,67.7233,65.2240085420357,17.5699,14.5150775203901,55.8244,55.7566931402534,2001,15.8119334684307,16.622326481659,,,15.920405743547667,1.4625842878016395,,,,,4,0
2001-05-31,68.0567,65.4060935661165,17.7675,14.0358329052173,55.9647,56.2258035633463,2001,14.5150775203901,17.4342062418222,,,14.787614631346033,0.9188801120374042,,,,,5,0
2001-06-30,68.675,66.3334653093754,18.6557,15.3123432061408,55.8632,56.1762574406775,2001,14.0358329052173,15.8119334684307,,,14.621084543916067,0.6448238161455841,15.62195330394335,1.2773339422856382,,,6,0
2001-07-31,68.9422,66.743119101478,17.2093,15.1838148191802,57.0778,56.6089674925647,2001,15.3123432061408,14.5150775203901,16.622326481659,,14.8439969768461,0.7028348038958966,15.382201360196882,1.183574490307326,,,7,0
2001-08-31,68.7545,67.438280258118,17.7606,14.9135110910063,56.5433,57.3808648522397,2001,15.1838148191802,14.0358329052173,17.4342062418222,,15.1365563721091,0.20357255372551578,14.962085501727566,0.6251728397054014,,,8,0
2001-09-30,69.2746,68.3076164245333,17.6684,14.0741458949014,57.0349,58.6939028316149,2001,14.9135110910063,15.3123432061408,15.8119334684307,,14.7238239350293,0.5786425435745942,14.672454239472684,0.5508326366394045,,,9,0
2001-10-31,70.0599,68.512291963964,16.7703,14.5249341345967,58.3106,58.5609266820956,2001,14.0741458949014,15.1838148191802,14.5150775203901,,14.504197040168131,0.42006666544970267,14.674097008507117,0.5502838404729711,,,10,0
2001-11-30,69.4433,69.6840772235653,16.3774,13.682217605975,58.0702,60.1497501411214,2001,14.5249341345967,14.9135110910063,14.0358329052173,,14.093765878491032,0.42170071700207296,14.615161125300068,0.6433761853023715,,,11,0
2001-12-31,70.6112,68.8083460738827,16.4705,13.6084248345438,58.9812,59.4446140185256,2001,13.682217605975,14.0741458949014,15.3123432061408,,13.9385255250385,0.5091833032433651,14.3311747300339,0.6501123054017361,14.976564016988625,1.178190755867958,12,0
2002-01-31,69.4774,68.3625276778812,20.2633,17.9098562180833,55.399,56.1188972637253,2002,13.6084248345438,14.5249341345967,15.1838148191802,16.622326481659,15.0668328862007,2.4624068698126393,14.785514963184417,1.6096363461792385,15.08385816169065,1.3825862680425036,1,0
2002-02-28,69.1957,68.2113864868081,18.9691,16.1888316729596,56.0699,57.1687599466668,2002,17.9098562180833,13.682217605975,14.9135110910063,17.4342062418222,15.9023709085289,2.1649764003317196,14.998068393509968,1.7109346480473262,14.980076947618764,1.2282499209878717,2,0
2002-03-31,68.1618,67.1540082241384,17.5589,15.1114036464226,56.1933,57.00609870952,2002,16.1888316729596,13.6084248345438,14.0741458949014,15.8119334684307,16.403363845821833,1.4115070806954306,15.170944685430166,1.6502352360626253,14.921699462451427,1.2014742010539938,3,0
2002-04-30,70.182,68.8807978315019,18.0417,16.0770034145576,57.52,57.8068296121568,2002,15.1114036464226,17.9098562180833,14.5249341345967,14.5150775203901,15.792412911313269,0.5924159045759096,15.429622898756984,1.6503640781508468,15.051859953632048,1.2374837956770293,4,0
2002-05-31,68.6291,66.6998134354398,17.2279,15.0220844978058,56.8057,56.6801111012892,2002,16.0770034145576,16.1888316729596,13.682217605975,14.0358329052173,15.403497186262001,0.5849807323682692,15.652934047395448,1.4444350472502003,15.134047586347757,1.1959228282033858,5,0
2002-06-30,69.0586,66.5653292340506,17.5544,15.9110246612787,56.9358,55.9741032837595,2002,15.0220844978058,15.1114036464226,13.6084248345438,15.3123432061408,15.670037524547366,0.5672473713316467,16.0367006851846,1.042582838769455,15.183937707609248,1.2163500272886036,6,0
2002-07-31,69.8961,67.4158235925792,18.1209,15.4261229817605,57.2303,57.0161757360212,2002,15.9110246612787,16.0770034145576,17.9098562180833,15.1838148191802,15.453077380281668,0.44508264205484666,15.622745145797467,0.5041494279351625,15.20413005449094,1.2183573964070686,7,0
2002-08-31,69.7626,66.548828562451,18.1559,15.9527508403354,57.0965,55.9324597547212,2002,15.4261229817605,15.0220844978058,16.1888316729596,14.9135110910063,15.7632994944582,0.29274779083862945,15.5833983403601,0.4582562610681885,15.290733366935031,1.2326731592734084,8,0
2002-09-30,69.0838,66.6668479116235,17.3254,14.4654887145083,57.1148,57.0231625506492,2002,15.9527508403354,15.9110246612787,15.1114036464226,14.0741458949014,15.281454178868067,0.7541113675231708,15.475745851707716,0.6336249039660017,15.323345268568941,1.2023649241555547,9,0
2002-10-31,69.4131,68.6143766728653,16.0585,14.9725889918442,58.2664,58.3410280643214,2002,14.4654887145083,15.4261229817605,16.0770034145576,14.5249341345967,15.1302761822293,0.7560661976563803,15.291676781255482,0.5823693376527068,15.360649840006234,1.1821154217390053,10,0
2002-11-30,70.6142,68.410835302691,15.2205,15.1893225941554,59.8664,58.019692839209,2002,14.9725889918442,15.9527508403354,15.0220844978058,13.682217605975,14.8758001001693,0.3714968889438516,15.319549797313748,0.5707723149148811,15.4862419223546,1.0614870949670572,11,0
2002-12-31,70.4489,66.9982558269495,15.5837,15.422503660537,59.4704,56.6654473695423,2002,15.1893225941554,14.4654887145083,15.9110246612787,13.6084248345438,15.194805082178867,0.22500743439365709,15.238129630523467,0.4999773393376444,15.637415157854035,0.8840983473556304,12,0
2003-01-31,69.0059,67.4009606556256,18.178,16.2715192032109,56.4619,56.4337967223869,2003,15.422503660537,14.9725889918442,15.4261229817605,17.9098562180833,15.6277818193011,0.5695539632133031,15.3790290007652,0.6577725158257121,15.500887073281334,0.5730579313380162,1,0
2003-02-28,69.0075,67.8228520405129,17.5943,15.8383741336772,56.8661,57.0808149862062,2003,16.2715192032109,15.1893225941554,15.9527508403354,16.1888316729596,15.844132332475034,0.4245370602968663,15.359966216322169,0.6392158127431196,15.471682278341135,0.5429501921323098,2,0
2003-03-31,68.7951,67.9227138585961,17.6039,13.1056993111406,56.6845,59.0209672163221,2003,15.8383741336772,15.422503660537,14.4654887145083,15.1114036464226,15.071864216009567,1.716466424859254,15.133334649094216,1.0969450625500583,15.304540250400967,0.8725918154826383,3,0
2003-04-30,68.5628,67.5523626073607,17.6891,15.0059465211429,56.4346,57.4154875397469,2003,13.1056993111406,16.2715192032109,14.9725889918442,16.0770034145576,14.650006655320233,1.4006776261840983,15.138894237310668,1.0960515923948233,15.215285509283076,0.8405865490212098,4,0
2003-05-31,69.4114,68.2902007810973,16.3307,12.8160578700332,58.076,59.5380927850202,2003,15.0059465211429,15.8383741336772,15.1893225941554,15.0220844978058,13.642567900772235,1.1895688243916402,14.743350116623633,1.4464397897920531,15.031449956968693,1.0906988468999266,5,0
2003-06-30,69.1276,66.4680325159809,16.5889,14.1050931243582,57.6601,57.092650981719,2003,12.8160578700332,13.1056993111406,15.422503660537,15.9110246612787,13.975699171844767,1.1006635145561094,14.523781693927168,1.422518964791791,14.880955662225317,1.082865166154358,6,0
2003-07-31,69.6827,67.5766205104734,17.6802,14.5143255630954,57.3627,57.7683261598696,2003,14.1050931243582,15.0059465211429,16.2715192032109,15.4261229817605,13.811825519162268,0.8863028294650046,14.23091608724125,1.144437194566612,14.804972544003226,1.0730794963780796,7,0
2003-08-31,71.0033,68.6646188225746,16.5945,14.3780678006978,59.2206,58.7919770127074,2003,14.5143255630954,12.8160578700332,15.8383741336772,15.9527508403354,14.332495496050464,0.20838767583956008,13.98753169841135,0.8521735683418468,14.67374895736676,1.014652325007124,8,0
2003-09-30,70.2839,68.8479804356922,16.2477,14.2347666292171,58.8644,59.0476310917424,2003,14.3780678006978,14.1050931243582,13.1056993111406,14.4654887145083,14.375719997670101,0.1397942542168629,14.175709584757433,0.7351231465836453,14.654522116925826,1.021122815425973,9,0
2003-10-31,71.1795,69.7208358417966,15.3238,13.5221699592088,60.2721,60.293065922288,2003,14.2347666292171,14.5143255630954,15.0059465211429,14.9725889918442,14.045001463041233,0.458419450379951,13.928413491101749,0.6438817790890753,14.533653864206208,1.0649522014027528,10,0
2003-11-30,70.7733,69.1300331780734,14.0501,12.6352116302744,60.8296,60.395303562777,2003,13.5221699592088,14.3780678006978,12.8160578700332,15.1893225941554,13.464049406233434,0.8013598116134952,13.898272451141949,0.707460791648546,14.320811283882792,1.1718638211357741,11,0
2003-12-31,69.941,68.4381018873756,14.3863,12.5582784053553,59.8791,59.8434545170182,2003,12.6352116302744,14.2347666292171,14.1050931243582,15.422503660537,12.9052199982795,0.5356772545031698,13.6404699979748,0.878241479471335,14.082125845950982,1.2178617686861277,12,0
2004-01-31,68.5587,68.1257156815405,18.1423,17.2564326453247,56.1206,56.3696510531968,2004,12.5582784053553,13.5221699592088,14.5143255630954,16.2715192032109,14.149974226984801,2.6905468977384874,14.097487845013015,1.727131200840791,14.164201966127132,1.3986032861913817,1,0
2004-02-29,69.2081,67.4176890513185,17.167,15.753438545793,57.3272,56.7970848376252,2004,17.2564326453247,12.6352116302744,14.3780678006978,15.8383741336772,15.189383198824332,2.3993295191508275,14.326716302528881,1.858121870172125,14.157124000470114,1.3895460986161607,2,0
2004-03-31,69.062,67.5351602717699,16.0489,13.522674534509,57.9783,58.4026003518594,2004,15.753438545793,12.5582784053553,14.2347666292171,13.1056993111406,15.510848575208898,1.8786630426693018,14.2080342867442,1.8876758365319977,14.191871935750816,1.365875183350645,3,0
2004-04-30,67.0351,66.9958453061547,16.575,14.6809940566167,55.9241,57.160189238578,2004,13.522674534509,17.2564326453247,13.5221699592088,15.0059465211429,14.652369045639567,1.1156574572645575,14.401171636312185,1.8625825711885777,14.164792563706966,1.3514130211570243,4,0
2004-05-31,67.6563,67.0058651086418,14.8504,13.832959328299,57.6091,57.7369746315226,2004,14.6809940566167,15.753438545793,12.6352116302744,12.8160578700332,14.012209306474901,0.59960315612158,14.600796252649618,1.6918167590990907,14.249534351895782,1.2896208979772843,5,0
2004-06-30,66.8089,65.6549286972804,15.669,14.0735927024384,56.3406,56.4149214433488,2004,13.832959328299,13.522674534509,12.5582784053553,14.1050931243582,14.195848695784699,0.43703617818208057,14.8533486354968,1.4166571866327788,14.2469093167358,1.28997364918764,6,0
2004-07-31,68.5903,66.7138053491192,15.2025,12.9087488070179,58.1628,58.1018877969985,2004,14.0735927024384,14.6809940566167,17.2564326453247,14.5143255630954,13.605100279251767,0.6149431964410144,14.128734662445666,0.9890248932332748,14.113111253729341,1.341935210892473,7,0
2004-08-31,67.8708,66.1631794381252,14.6964,13.0569434585311,57.8962,57.5242905085227,2004,12.9087488070179,13.832959328299,15.753438545793,14.3780678006978,13.346428322662467,0.6340870918851969,13.679318814568683,0.6615250936226494,14.003017558548782,1.3720764685744686,8,0
2004-09-30,68.021,66.0519539222609,14.4285,12.2850732000332,58.2066,57.9374230328589,2004,13.0569434585311,14.0735927024384,13.522674534509,14.2347666292171,12.750255155194067,0.40961701898199926,13.473051925489385,0.8777453472910672,13.840543106116792,1.4550658218993713,9,0
2004-10-31,68.1086,66.8133307972186,13.9985,12.285638235167,58.5744,58.6048866826069,2004,12.2850732000332,12.9087488070179,14.6809940566167,13.5221699592088,12.542551631243766,0.44547647951505887,13.073825955247765,0.7545493093729598,13.737498795779976,1.5219106455963485,10,0
2004-11-30,68.5794,67.2950249798255,13.7408,11.836774945952,59.1561,59.3294643231414,2004,12.285638235167,13.0569434585311,13.832959328299,12.6352116302744,12.1358287937174,0.25898838335646557,12.741128558189933,0.7920365742617261,13.670962405419774,1.5903950683609465,11,0
2004-12-31,68.3463,65.937719848041,12.8536,11.9539426059185,59.5614,58.0555626617549,2004,11.836774945952,12.2850732000332,14.0735927024384,12.5582784053553,12.0254519290125,0.23281913703173052,12.387853542103285,0.49638518927156045,13.620601088800043,1.6376973127333627,12,0
2005-01-31,67.8005,65.6839488268504,16.2491,13.2626463019229,56.7835,56.9725190168092,2005,11.9539426059185,12.285638235167,12.9087488070179,17.2564326453247,12.3511212845978,0.7915746699096695,12.446836457920783,0.5839602503789378,13.287785560183226,1.1709453748007788,1,0
2005-02-28,67.0558,66.0699453251513,15.9138,14.0969029794515,56.3846,56.7561292340881,2005,13.2626463019229,11.836774945952,13.0569434585311,15.753438545793,13.104497295764299,1.0801981863273273,12.620163044740849,0.880373126487145,13.149740929654769,0.9258310414749644,2,0
2005-03-31,67.9396,65.7010862244991,15.1025,12.9543443158619,57.6791,57.1899377586316,2005,14.0969029794515,11.9539426059185,12.2850732000332,13.522674534509,13.437964532412101,0.5911111878422495,12.7317082307123,0.8717823301794094,13.102380078100841,0.9195343708479446,3,0
2005-04-30,67.4044,65.6138638138159,14.4045,12.0204924317308,57.6951,57.7267542799101,2005,12.9543443158619,13.2626463019229,12.285638235167,14.6809940566167,13.023913242348067,1.0399519543328601,12.687517263472934,0.9050032683197348,12.88067160936035,0.8196219248002186,4,0
2005-05-31,67.5883,65.9843507170296,13.6925,12.4906835773332,58.3338,57.7424542584077,2005,12.0204924317308,14.0969029794515,11.836774945952,13.832959328299,12.488506774975301,0.4669297476335619,12.7965020353698,0.8171743393539719,12.768815296779865,0.7677995622236528,5,0
2005-06-30,66.8385,64.9149567240921,14.012,11.5426756275713,57.4731,57.422037356165,2005,12.4906835773332,12.9543443158619,11.9539426059185,14.0735927024384,12.0179505455451,0.4740090865077765,12.7279575389786,0.9135484317008541,12.557905540540942,0.7231155542026507,6,0
2005-07-31,67.7615,66.531020807801,14.1282,12.0483556856045,58.188,58.5151302951516,2005,11.5426756275713,12.0204924317308,13.2626463019229,12.9087488070179,12.027238296836336,0.4743566446084532,12.5255757695922,0.9058774760116557,12.486206113756493,0.7278060128312646,7,0
2005-08-31,68.3252,65.3671327487047,13.7525,11.7188275641845,58.9288,57.7068711782324,2005,12.0483556856045,12.4906835773332,14.0969029794515,13.0569434585311,11.769952959120099,0.25668742621828333,12.1292298670477,0.5181318417985322,12.374696455894275,0.7348861007302131,8,0
2005-09-30,67.705,65.7399293974202,13.3547,11.3332530551936,58.6631,58.289456840505,2005,11.7188275641845,11.5426756275713,12.9543443158619,12.2850732000332,11.7001454349942,0.3579171824157372,11.85904799026965,0.41402385910942435,12.295378110490974,0.7943956319899974,9,0
2005-10-31,68.5779,66.9482976477168,12.0008,9.89849978702777,60.348,60.3214205476388,2005,11.3332530551936,12.0483556856045,12.0204924317308,12.285638235167,10.98352680213529,0.9592338834354757,11.50538254948581,0.8859219226417876,12.096449906479371,1.0536417490811107,10,0
2005-11-30,67.9788,66.2086174307231,12.0741,10.2813308274088,59.7709,59.401490436417,2005,9.89849978702777,11.7188275641845,12.4906835773332,11.836774945952,10.504361223210056,0.7429240561568461,11.137157091165077,0.8530220207000639,11.966829563267439,1.1769521221073243,11,0
2005-12-31,68.8726,66.6619844937175,11.9345,10.2722462018756,60.653,59.8143048115518,2005,10.2813308274088,11.3332530551936,11.5426756275713,11.9539426059185,10.150692272104058,0.21845232832804296,10.925418853549127,0.88914114902262,11.826688196263865,1.2746889366412302,12,0
2006-01-31,67.1343,65.6036177064932,15.8034,13.3696287580883,56.5248,56.8326575672596,2006,10.2722462018756,9.89849978702777,12.0483556856045,13.2626463019229,11.307735262457568,1.7856579244352697,11.145631032296428,1.2942236608156537,11.835603400944313,1.2859692793860817,1,0
2006-02-28,68.4187,65.7836694944273,14.0221,13.0791966398466,58.825,57.1796940043444,2006,13.3696287580883,10.2813308274088,11.7188275641845,14.0969029794515,12.240357199936833,1.7106090667781875,11.372359211573444,1.515042053009624,11.750794539310574,1.1496096059382193,2,0
2006-03-31,67.5909,66.1666207185818,12.2545,11.3671382895728,59.308,58.6453694399635,2006,13.0791966398466,10.2722462018756,11.3332530551936,12.9543443158619,12.605321229169235,1.082086155422618,11.378006750636645,1.5149302763040278,11.618527370453146,1.0882157837719795,3,0
2006-04-30,66.1753,64.5411387002106,12.6726,12.0642623355161,57.7892,56.7547264130879,2006,11.3671382895728,13.3696287580883,9.89849978702777,12.0204924317308,12.170199088311833,0.8609314115422915,11.738967175384701,1.3397999860664502,11.622174862435257,1.089757838436583,4,0
2006-05-31,67.1122,64.9602291170588,13.123,11.8687600529575,58.305,57.2502519319862,2006,12.0642623355161,13.0791966398466,10.2813308274088,12.4906835773332,11.766720226015465,0.359589458368597,12.00353871297615,1.1355592358327575,11.570347902070614,1.0590543840983488,5,0
2006-06-30,67.8725,66.2064260485505,12.4409,10.4772845592126,59.4285,59.2697903949592,2006,11.8687600529575,11.3671382895728,10.2722462018756,11.5426756275713,11.470102315895398,0.865344214234929,12.037711772532317,1.0744808127943881,11.481565313040724,1.1052351297596454,6,0
2006-07-31,67.2679,65.8524,12.9067,12.2993,58.5859,57.753,2006,10.4772845592126,12.0642623355161,13.3696287580883,12.0483556856045,11.5484482040567,0.9523050073514127,11.859323646184267,0.8804585950425822,11.502477339240349,1.1192197992900372,7,0
2006-08-31,64.989547635,63.908315873,12.748789771,13.043927969,56.704166834,55.572161184,2006,12.2993,11.8687600529575,13.0791966398466,11.7188275641845,11.940170842737535,1.3204714733564948,11.8534455343765,0.8707498671487993,11.612902372974972,1.2046169107230984,8,0
2006-09-30,65.110298628,62.85765237,12.609323024,12.914994537,56.900330752,54.73959,2006,13.043927969,10.4772845592126,11.3671382895728,11.3332530551936,12.752740835333334,0.3979477363079642,12.111421575614367,0.9254305351785259,11.744714163125506,1.2566502733279816,9,0
2006-10-31,65.037510597,62.821682285,12.292611881,11.355034134,57.042701842,55.688258818,2006,12.914994537,12.2993,12.0642623355161,9.89849978702777,12.437985546666667,0.940076475144089,11.993216875361684,0.9765420869720247,11.866092025373192,1.1256279452042308,10,0
2006-11-30,65.218499063,62.81054775,11.17991277,10.996331575,57.927127757,55.903691656,2006,11.355034134,13.043927969,11.8687600529575,10.2813308274088,11.755453415333333,1.0200826393411668,11.847812129035434,1.060151668210492,11.925675421005792,1.050533803502261,11,0
2006-12-31,64.650923049,62.542722059,12.74042902,11.84025816,56.414118087,55.137502307,2006,10.996331575,12.914994537,10.4772845592126,10.2722462018756,11.397207956333332,0.4235410177126307,12.074974395833332,0.8284567421550246,12.056343084182823,0.9149472643875413,12,0
2007-01-31,64.455197552,62.1167,14.418047397,14.2792,55.162016619,53.247,2007,11.84025816,11.355034134,12.2993,13.3696287580883,12.371929911666667,1.7047910172820853,12.404957729166668,1.2318000977287726,12.132140687675466,1.059838913543891,1,0
2007-02-28,66.654131974,63.9445,12.836924917,12.8562,58.097791098,55.7237,2007,14.2792,10.996331575,13.043927969,13.0791966398466,12.991886053333333,1.2251193221590695,12.373669734333333,1.2145880282378123,12.113557634354917,1.0435536620803054,2,0
2007-03-31,65.850515281,62.6392,12.608509241,12.0333,57.547746976,55.1017,2007,12.8562,11.84025816,12.914994537,11.3671382895728,13.056233333333333,1.136233560203756,12.226720644833334,1.1890647750506993,12.169071110223848,1.0176338509067384,3,0
2007-04-30,65.066478212,64.3802,11.606801318,10.8079,57.514341361,57.4221,2007,12.0333,14.2792,11.355034134,12.0642623355161,11.899133333333333,1.03072001209509,12.135531622499999,1.2862890202908273,12.064374248930841,1.091355700639474,4,0
2007-05-31,66.709136734,63.4082,11.440624833,11.7017,59.07719467,55.9884,2007,10.8079,12.8562,10.996331575,11.8687600529575,11.5143,0.6338299140936546,12.253093026666667,1.1899753144131038,12.050452577851049,1.0951368474290184,5,0
2007-06-30,66.141948983,63.3281,11.619609586,11.1987,58.456512738,56.2362,2007,11.7017,12.0333,11.84025816,10.4772845592126,11.2361,0.4480721816850152,12.146166666666666,1.2611834754176998,12.11057053125,1.0180117288002228,6,0
2007-07-31,65.752569372,63.3089,11.363070974,11.3541,58.281058247,56.1208,2007,11.1987,10.8079,14.2792,12.2993,11.418166666666666,0.2575473807541099,11.65865,0.7217232426630064,12.031803864583333,1.0384431213322385,7,0
2007-08-31,66.016794994,62.9987,11.438485903,10.8618,58.465473205,56.1559,2007,11.3541,11.7017,12.8562,13.043927969,11.1382,0.25166447901912953,11.32625,0.47798065965058406,11.849959867166667,1.0361516318616728,8,0
2007-09-30,66.854565072,63.6858,10.46828995,10.8709,59.856035356,56.7626,2007,10.8618,11.1987,12.0333,12.914994537,11.028933333333333,0.2816393497601205,11.132516666666668,0.3534277432045704,11.67961865575,1.0129066223754433,9,0
2007-10-31,67.457966078,66.1782,10.275408492,10.2119,60.526384503,59.4202,2007,10.8709,11.3541,10.8079,11.355034134,10.648200000000001,0.3778742780343361,11.033183333333334,0.5113731022127355,11.584357477916667,1.096512020363699,10,0
2007-11-30,66.920973308,64.7616,8.933828319,9.4884,60.942368443,58.6167,2007,10.2119,10.8618,11.7017,10.996331575,10.190399999999999,0.6915007230654001,10.664299999999999,0.6972092627038262,11.458696513333335,1.2462124388181743,11,0
2007-12-31,65.287625118,63.1434,10.138057409,9.9234,58.668728203,56.8774,2007,9.4884,10.8709,11.1987,11.84025816,9.874566666666666,0.3642136506685381,10.45175,0.6961017475915535,11.298958333333333,1.3138718122462092,12,0
2008-01-31,66.558868493,63.0339,12.349240612,13.2975,58.339353675,54.6519,2008,9.9234,10.2119,11.3541,14.2792,10.9031,2.084986755353609,10.77565,1.3473958954219842,11.217149999999998,1.1289926197520213,1,0
2008-02-29,67.410745696,64.5362,12.67904298,12.1946,58.863708275,56.6663,2008,13.2975,9.4884,10.8618,12.8562,11.805166666666667,1.7204305982321118,10.997783333333333,1.468830587122516,11.162016666666668,1.0554324868234874,2,0
2008-03-31,67.122500714,64.73,12.125739105,11.3381,58.983401397,57.3908,2008,12.1946,9.9234,10.8709,12.0333,12.276733333333334,0.9822787299607498,11.075650000000001,1.473136328721822,11.104083333333334,1.0218036867434033,3,0
2008-04-30,67.658301044,65.1387,11.354771572,11.079,59.975855511,57.922,2008,11.3381,13.2975,10.2119,10.8079,11.537233333333333,0.5838504974163399,11.220166666666666,1.4127483833530559,11.126675,1.0176483819660742,4,0
2008-05-31,66.890382594,64.4999,11.687970995,10.8121,59.072254078,57.5261,2008,11.079,12.1946,9.4884,11.7017,11.0764,0.26300963860660503,11.440783333333334,1.1708767918387788,11.052541666666668,1.0042656832987484,5,0
2008-06-30,65.482464671,62.4616,11.865313877,11.4137,57.712764703,55.3324,2008,10.8121,11.3381,9.9234,11.1987,11.1016,0.30143607945960427,11.689166666666667,0.9146450626700333,11.070458333333335,1.009016901794042,6,0
2008-07-31,68.096377367,64.0892,11.889062114,12.2102,60.000356765,56.2638,2008,11.4137,11.079,13.2975,11.3541,11.478666666666667,0.7013104899638317,11.507950000000001,0.5780278012345121,11.141800000000002,1.0598777399475616,7,0
2008-08-31,67.18204947,63.4188,11.409294064,11.4262,59.517051887,56.1724,2008,12.2102,10.8121,12.1946,10.8618,11.683366666666666,0.4562938563396496,11.379883333333334,0.47061005266215145,11.188833333333333,1.0588452890109084,8,0
2008-09-30,66.629842581,63.9029,11.259837809,11.0468,59.127430374,56.8437,2008,11.4262,11.4137,11.3381,10.8709,11.561066666666667,0.593309913395444,11.331333333333333,0.490392731049996,11.203491666666666,1.055255258614389,9,0
2008-10-31,67.239250619,63.5499,10.911574538,10.1815,59.902389669,57.0795,2008,11.0468,12.2102,11.079,10.2119,10.884833333333333,0.6379611456298172,11.18175,0.6821464204993007,11.200958333333334,1.0578853774121333,10,0
2008-11-30,65.988290313,62.477,10.366967034,10.9115,59.14730601,55.6598,2008,10.1815,11.4262,10.8121,9.4884,10.713266666666664,0.4654657488293943,11.198316666666665,0.672512588481937,11.31955,0.9191151114968171,11,0
2008-12-31,65.665609352,63.9242,10.823905816,10.7731,58.558025642,57.0376,2008,10.9115,11.0468,11.4137,9.9234,10.622033333333333,0.3877381246837983,11.091549999999998,0.682259542256471,11.390358333333333,0.8302083752214668,12,0
2009-01-31,66.567348152,63.9118,15.028039208,14.4724,56.563580972,54.6622,2009,10.7731,10.1815,12.2102,13.2975,12.052333333333332,2.0969813168775056,11.468583333333333,1.5266456372277994,11.488266666666666,1.1007627275776704,1,0
2009-02-28,68.623951879,65.1463,13.695398855,12.7709,59.225627959,56.8265,2009,14.4724,10.9115,11.4262,12.1946,12.672133333333333,1.8516266533330419,11.6927,1.6153078455823848,11.536291666666665,1.146021937326386,2,0
2009-03-31,68.313518231,65.9165,13.512634783,12.1859,59.082562005,57.884,2009,12.7709,10.7731,11.0468,11.3381,13.143066666666668,1.1878137831046252,11.88255,1.5909681627864225,11.606941666666666,1.1587549379777715,3,0
2009-04-30,69.152905259,67.0916,12.956135686,12.1186,60.193361022,58.961,2009,12.1859,14.4724,10.1815,11.079,12.358466666666667,0.3587593390189527,12.2054,1.3559243518721842,11.693575000000001,1.1545503218490776,4,0
2009-05-31,68.418513156,67.0987,12.531553791,11.7578,59.844610377,59.2093,2009,12.1186,12.7709,10.9115,10.8121,12.020766666666667,0.2302084345399078,12.346449999999999,1.2328383653180177,11.772383333333336,1.1206916913092948,5,0
2009-06-30,69.286215265,66.6545,13.198789821,11.597,60.141273337,58.9246,2009,11.7578,12.1859,10.7731,11.4137,11.824466666666666,0.267114157867595,12.483766666666668,1.0557046986097331,11.787658333333333,1.1166001241254455,6,0
2009-07-31,70.020775479,67.2376,12.963663145,12.8426,60.943518015,58.6025,2009,11.597,12.1186,14.4724,12.2102,12.065799999999998,0.6775159333919614,12.212133333333334,0.510676585195238,11.840358333333333,1.1526959383496886,7,0
2009-08-31,68.22074163,65.5397,13.243430052,11.9361,59.185975431,57.7168,2009,12.8426,11.7578,12.7709,11.4262,12.125233333333334,0.6439785736601132,12.073,0.43629773778923503,11.88285,1.1454161621635368,8,0
2009-09-30,68.559332943,66.114,13.047137012,12.4403,59.61430284,57.8892,2009,11.9361,11.597,12.1859,11.0468,12.406333333333334,0.4542035483495417,12.1154,0.46111926873641235,11.998975,1.1233760295927753,9,0
2009-10-31,70.048569221,68.9232,12.552224743,11.7565,61.255915383,60.8203,2009,12.4403,12.8426,12.1186,10.1815,12.044300000000002,0.35450816633750537,12.05505,0.4837563715342717,12.130225000000001,0.9737729221248804,10,0
2009-11-30,69.780609711,68.0892,12.260918875,11.3871,61.224865764,60.3358,2009,11.7565,11.9361,11.7578,10.9115,11.8613,0.5343639583654386,11.993266666666665,0.5486342485360094,12.169858333333336,0.9282762749588657,11,0
2009-12-31,69.742178218,67.671,12.360492808,11.3122,61.121701295,60.016,2009,11.3871,12.4403,11.597,10.7731,11.485266666666666,0.23786160542069992,11.9458,0.5997172200295781,12.214783333333331,0.8654525971298371,12,0
2010-01-31,69.2986,67.2618,15.501,14.8787,58.5567,57.2541,2010,11.3122,11.7565,12.8426,14.4724,12.526000000000002,2.0378421111558134,12.285150000000002,1.3345415208977207,12.248641666666666,0.9641271384081788,1,0
2010-02-28,69.2522,67.5367,13.6275,12.6947,59.8148,58.9631,2010,14.8787,11.3871,11.9361,12.7709,12.961866666666666,1.7981974539336096,12.411583333333333,1.3307883624628924,12.242291666666667,0.9606192571445575,2,0
2010-03-31,68.8476,66.5225,12.5766,11.959,60.1889,58.5671,2010,12.6947,11.3122,12.4403,12.1859,13.177466666666666,1.5185386933935265,12.331366666666668,1.3431594896611005,12.223383333333333,0.9640570888728802,3,0
2010-04-30,69.2961,68.312,12.5512,12.4399,60.5986,59.8141,2010,11.959,14.8787,11.7565,12.1186,12.364533333333332,0.3735956682475268,12.445266666666667,1.3133054186542696,12.250158333333331,0.9653432686292845,4,0
2010-05-31,68.8879,67.285,12.9341,12.2634,59.9779,59.0336,2010,12.4399,12.6947,11.3871,11.7578,12.220766666666668,0.24326817164050882,12.591316666666666,1.2173110357121821,12.292291666666666,0.9528531265800232,5,0
2010-06-30,69.6721,67.6599,13.0237,11.9801,60.5982,59.5542,2010,12.2634,11.959,11.3122,11.597,12.2278,0.23195803499767517,12.702633333333333,1.1020280171877053,12.324216666666667,0.9336644597141556,6,0
2010-07-31,70.364,67.5925,13.4763,12.8583,60.8816,58.9012,2010,11.9801,12.4399,14.8787,12.8426,12.367266666666666,0.44821872264923923,12.365900000000002,0.3690416507658729,12.325525,0.9344675558597731,7,0
2010-08-31,69.2432,67.2394,12.3487,11.3779,60.6925,59.589,2010,12.8583,12.2634,12.6947,11.9361,12.0721,0.7444756812683557,12.146433333333334,0.5019959269423102,12.279008333333332,0.9688747667065122,8,0
2010-09-30,70.1877,68.232,11.6315,10.8675,62.0238,60.8169,2010,11.3779,11.9801,11.959,12.4403,11.701233333333334,1.034035537751637,11.964516666666666,0.7296542644750811,12.147941666666668,1.0482062847449347,9,0
2010-10-31,70.0192,68.7263,11.3543,10.4525,62.069,61.5427,2010,10.8675,12.8583,12.4399,11.7565,10.899300000000002,0.4635188453558139,11.633283333333333,0.9015418668407338,12.039274999999998,1.1546622923254106,10,0
2010-11-30,70.5488,68.4945,10.7472,10.9341,62.9667,61.0052,2010,10.4525,11.3779,12.2634,11.3871,10.751366666666668,0.26095948599987906,11.411733333333332,0.8787710274392742,12.001524999999999,1.1849309110085813,11,0
2010-12-31,69.9405,67.6744,11.4969,11.2264,61.8995,60.077,2010,10.9341,10.8675,11.9801,11.3122,10.871,0.39078959812152997,11.286116666666667,0.8340051664508312,11.994375,1.1897176992310514,12,0
2011-01-31,69.4238,67.7973,14.8328,13.8965,59.1263,58.3759,2011,11.2264,10.4525,12.8583,14.8787,12.019,1.6325178437003314,11.459150000000001,1.2361650856580644,11.912525,0.9903197822604337,1,0
2011-02-28,69.6625,67.2359,13.337,13.1393,60.3716,58.4015,2011,13.8965,10.9341,11.3779,12.6947,12.754066666666667,1.3761039362393055,11.752716666666666,1.4099457243690883,11.949575000000001,1.0297737051719789,2,0
2011-03-31,69.5779,67.3446,12.3594,10.9483,60.9785,59.9716,2011,13.1393,11.2264,10.8675,11.959,12.661366666666666,1.53110614045314,11.766183333333332,1.400151723802343,11.865350000000001,1.069499003782097,3,0
2011-04-30,69.4797,67.3939,11.8592,11.2743,61.24,59.7957,2011,10.9483,13.8965,10.4525,12.4399,11.7873,1.182157772888196,11.903149999999998,1.2810737960789007,11.768216666666667,1.0654970285640293,4,0
2011-05-31,69.738,68.1038,11.189,11.5536,61.935,60.2354,2011,11.2743,13.1393,10.9341,12.2634,11.258733333333334,0.30295010040155496,12.0064,1.2103647615491804,11.709066666666667,1.05516014323835,5,0
2011-06-30,70.2498,67.5364,11.9809,11.036,61.8333,60.0831,2011,11.5536,10.9483,11.2264,11.9801,11.287966666666668,0.2590704987707246,11.974666666666666,1.23710536441593,11.630391666666668,1.0682302615739787,6,0
2011-07-31,70.2716,67.8514,11.4258,11.704,62.2426,59.9101,2011,11.036,11.2743,13.8965,12.8583,11.431199999999999,0.35041735116854494,11.609249999999998,0.8038394684263812,11.5342,0.9972188635491046,7,0
2011-08-31,69.0618,66.9325,10.5247,10.4157,61.7933,59.961,2011,11.704,11.5536,13.1393,11.3779,11.051899999999998,0.6442971597019329,11.155316666666666,0.4643199819808288,11.454016666666668,1.0483042686629465,8,0
2011-09-30,70.7747,68.2255,10.3807,9.9279,63.4278,61.4521,2011,10.4157,11.036,10.9483,10.8675,10.682533333333334,0.9176234648990348,10.98525,0.6882041811846334,11.375716666666667,1.1281448906246083,9,0
2011-10-31,72.1479,70.6175,10.4482,9.3596,64.6097,64.008,2011,9.9279,11.704,11.2743,10.4525,9.901066666666667,0.5285610876079562,10.666133333333333,0.9291178949232867,11.284641666666666,1.2472763552187878,10,0
2011-11-30,70.9372,69.5268,10.416,9.4935,63.5484,62.9263,2011,9.3596,10.4157,11.5536,10.9341,9.593666666666666,0.29709635361832426,10.322783333333334,0.9161262825979185,11.164591666666666,1.349243773013289,11,0
2011-12-31,70.5918,68.5231,10.5928,10.0677,63.1141,61.6245,2011,9.4935,9.9279,11.036,11.2264,9.640266666666667,0.37617382063788724,10.1614,0.8481224958695622,11.068033333333332,1.385395095161288,12,0
2012-01-31,69.7846,68.4249,13.4948,12.7911,60.3673,59.6727,2012,10.0677,9.3596,11.704,13.8965,10.7841,1.7616648830012995,10.342583333333332,1.2597858364288277,10.975916666666665,1.2052696626468924,1,0
2012-02-29,69.278,68.8148,12.6548,12.075,60.511,60.5054,2012,12.7911,9.4935,10.4157,13.1393,11.644600000000002,1.4117931895288305,10.619133333333332,1.447227958086313,10.887225,1.06227828670696,2,0
2012-03-31,70.8544,68.7714,11.2998,10.5024,62.8481,61.5487,2012,12.075,10.0677,9.9279,10.9483,11.789499999999999,1.1707559993440095,10.714883333333333,1.4108974865902477,10.850066666666665,1.0677324301641427,3,0
2012-04-30,69.8589,68.8238,11.5198,11.087,61.8113,61.1934,2012,10.5024,12.7911,9.3596,11.2743,11.221466666666666,0.7948765019380796,11.002783333333333,1.2455936759901587,10.834458333333332,1.0623224133586873,4,0
2012-05-31,71.2759,69.125,12.0481,10.995,62.6885,61.5247,2012,11.087,12.075,9.4935,11.5536,10.861466666666667,0.3143448000736048,11.253033333333333,1.0103357910450739,10.787908333333334,1.0399486031515948,5,0
2012-06-30,71.231,69.4793,11.5976,10.2437,62.9699,62.362,2012,10.995,10.5024,10.0677,11.036,10.775233333333333,0.46261405440530406,11.282366666666666,0.9708211012677233,10.721883333333333,1.0478864310717195,6,0
2012-07-31,71.2862,68.1314,11.7304,11.1558,62.924,60.5308,2012,10.2437,11.087,12.7911,11.704,10.798166666666667,0.48686663813955594,11.009816666666666,0.6334839995348547,10.6762,1.0125311496891796,7,0
2012-08-31,70.8291,68.4074,10.7337,9.9893,63.2265,61.574,2012,11.1558,10.995,12.075,10.4157,10.462933333333334,0.6133742767130947,10.6622,0.487508879919136,10.640666666666666,1.0298381411511615,8,0
2012-09-30,70.6314,67.5948,10.8704,10.1444,62.9534,60.7377,2012,9.9893,10.2437,10.5024,9.9279,10.429833333333333,0.6334703650000623,10.602533333333332,0.5309509719989951,10.658708333333333,1.0180449547658614,9,0
2012-10-31,70.8735,69.0648,10.4486,9.1692,63.4682,62.7321,2012,10.1444,11.1558,11.087,9.3596,9.767633333333334,0.5240284756893545,10.2829,0.7233655175635713,10.642841666666666,1.041349754761774,10,0
2012-11-30,71.0397,68.0534,10.0867,9.4619,63.8741,61.6143,2012,9.1692,9.9893,10.995,9.4935,9.591833333333334,0.5004155906177458,10.027383333333333,0.6915938617907783,10.640208333333332,1.04455541517852,11,0
2012-12-31,70.2501,68.2889,10.5729,9.9404,62.8226,61.5007,2012,9.4619,10.1444,10.2437,10.0677,9.523833333333334,0.38931242381063014,9.976833333333333,0.6836595253974616,10.6296,1.0515214794849244,12,0
2013-01-31,69.9086,67.7536,13.4079,12.3415,60.5354,59.3918,2013,9.9404,9.1692,11.1558,12.7911,10.581266666666666,1.5430672711626379,10.17445,1.1228823353317186,10.592133333333333,0.9725480117462054,1,0
2013-02-28,69.6381,67.4883,12.4313,12.0105,60.9812,59.3826,2013,12.3415,9.4619,9.9893,12.075,11.4308,1.3012914239323863,10.511316666666668,1.3386745585341784,10.586758333333332,0.9637459939389194,2,0
2013-03-31,69.6264,66.704,11.8875,10.3838,61.3496,59.7776,2013,12.0105,9.9404,10.1444,10.5024,11.578600000000002,1.0478790626785026,10.551216666666667,1.3290845321749392,10.576875,0.9652966262195736,3,0
2013-04-30,69.0357,67.4943,11.056,10.4518,61.4031,60.44,2013,10.3838,12.3415,9.1692,11.087,10.9487,0.9201741302601251,10.764983333333333,1.1539553672766873,10.523941666666666,0.9521061022408293,4,0
2013-05-31,70.4593,68.4965,10.8095,9.8204,62.843,61.7698,2013,10.4518,12.0105,9.4619,10.995,10.218666666666666,0.34658080346913417,10.824733333333333,1.0798940756697735,10.426058333333334,0.9596243341284637,5,0
2013-06-30,69.9967,67.4756,11.3588,9.5105,62.0459,61.0584,2013,9.8204,10.3838,9.9404,10.2437,9.927566666666666,0.47971339707507593,10.753083333333334,1.1614833230256363,10.364958333333334,0.9949811085080263,6,0
2013-07-31,70.4104,67.961,10.2631,10.1626,63.1841,61.0544,2013,9.5105,10.4518,12.3415,11.1558,9.831166666666666,0.3261832971402871,10.389933333333333,0.869431201801889,10.282191666666668,0.9640433774268606,7,0
2013-08-31,70.5394,68.0029,10.567,9.6613,63.0855,61.4329,2013,10.1626,9.8204,12.0105,9.9893,9.778133333333335,0.34138852255649776,9.9984,0.3910072070947182,10.254858333333333,0.9776563613219708,8,0
2013-09-30,69.7563,67.4807,10.0783,9.1692,62.7261,61.2933,2013,9.6613,9.5105,10.3838,10.1444,9.664366666666666,0.4967071001438451,9.795966666666667,0.45991241195110094,10.173591666666667,1.026960798099575,9,0
2013-10-31,69.217,69.0675,8.9246,8.13,63.0397,63.4523,2013,9.1692,10.1626,10.4518,9.1692,8.986833333333335,0.7817692263918445,9.409,0.7077380165004653,10.086991666666668,1.155170308150844,10,0
2013-11-30,70.1167,67.632,9.5061,8.6268,63.4513,61.7976,2013,8.13,9.6613,9.8204,9.4619,8.642,0.5197667169028494,9.210066666666668,0.7361529125573575,10.0174,1.2196089895014346,11,0
2013-12-31,69.9169,67.5834,9.9189,8.6473,62.9819,61.7392,2013,8.6268,9.1692,9.5105,9.9404,8.468033333333333,0.2929248424652621,9.0662,0.7499154592352489,9.909641666666667,1.2825333477559342,12,0
2014-01-31,69.1018,67.0617,12.6404,11.5324,60.3671,59.3279,2014,8.6473,8.13,10.1626,12.3415,9.602166666666667,1.6716625267479412,9.294500000000001,1.2148407401795573,9.842216666666667,1.1583164019255194,1,0
2014-02-28,69.5796,66.7772,11.4972,11.0878,61.5799,59.373,2014,11.5324,8.6268,9.6613,12.0105,10.4225,1.553357193307446,9.53225,1.4227735164108213,9.765325,1.0241512247399542,2,0
2014-03-31,69.1883,66.5966,10.8643,9.8445,61.6715,60.0405,2014,11.0878,8.6473,9.1692,10.3838,10.821566666666667,0.8748781305606648,9.6448,1.4149990911657904,9.720383333333332,1.0062198999074117,3,0
2014-04-30,69.4398,67.4875,9.5436,9.3084,62.8127,61.2055,2014,9.8445,11.5324,8.13,10.4518,10.080233333333334,0.9128218573924024,9.8412,1.23273843941041,9.625100000000002,0.9845661859648845,4,0
2014-05-31,69.9353,67.357,10.339,9.0674,62.7047,61.2494,2014,9.3084,11.0878,8.6268,9.8204,9.406766666666668,0.3977789629094414,9.914633333333333,1.1567077983080598,9.56235,0.9949286301493663,5,0
2014-06-30,70.1451,67.6521,10.9104,9.4019,62.492,61.2915,2014,9.0674,9.8445,8.6473,9.5105,9.259233333333333,0.1725850032109091,10.0404,1.0248631928213694,9.553299999999998,0.9959365496401246,6,0
2014-07-31,69.8726,66.8308,10.2475,9.6865,62.7124,60.3572,2014,9.4019,9.3084,11.5324,10.1626,9.385266666666666,0.3098849840397419,9.732750000000001,0.7187507071300961,9.513625,0.9787929580727034,7,0
2014-08-31,69.8543,67.6943,9.7299,9.16,63.0575,61.4936,2014,9.6865,9.0674,11.0878,9.6613,9.416133333333333,0.263538428570315,9.41145,0.30182538494966926,9.47185,0.9826075296234571,8,0
2014-09-30,71.2684,67.5391,9.6332,8.6057,64.403,61.7269,2014,9.16,9.4019,9.8445,9.1692,9.150733333333333,0.5404595852913588,9.204983333333333,0.3637094082735347,9.424891666666666,1.0114279244157067,9,0
2014-10-31,70.6566,69.218,8.9754,8.0953,64.3149,63.6146,2014,8.6057,9.6865,9.3084,8.13,8.620333333333333,0.5325008200306373,9.002799999999999,0.5721636409280305,9.421999999999999,1.0155079400790634,10,0
2014-11-30,70.2206,68.0323,8.9638,8.0622,63.9262,62.5474,2014,8.0953,9.16,9.0674,8.6268,8.2544,0.30468454178044985,8.835266666666667,0.6854205794012084,9.37495,1.067451029747537,11,0
2014-12-31,69.924,66.9287,9.6611,9.0375,63.1685,60.88,2014,8.0622,8.6057,9.4019,8.6473,8.398333333333333,0.5537819275972247,8.774533333333332,0.6397969386193474,9.407466666666666,1.049054929087324,12,0
2015-01-31,69.503,66.5914,12.1707,11.1517,61.044,59.1653,2015,9.0375,8.0953,9.6865,11.5324,9.417133333333334,1.5793491264863868,9.018733333333335,1.1408888581569572,9.375741666666666,0.9826036484382847,1,0
2015-02-28,69.5033,66.7911,10.3,10.2276,62.3445,59.96,2015,11.1517,8.0622,9.16,11.0878,10.138933333333334,1.0598852500781981,9.196666666666667,1.2457590178949873,9.304058333333334,0.8714390454439306,2,0
2015-03-31,69.5475,66.8283,10.4332,9.1228,62.2914,60.7317,2015,10.2276,9.0375,8.6057,9.8445,10.167366666666666,1.0157902555810059,9.282850000000002,1.2141850711485525,9.243916666666667,0.8555083154936455,3,0
2015-04-30,69.9175,68.0606,10.7684,9.7373,62.3885,61.4334,2015,9.1228,11.1517,8.0953,9.3084,9.6959,0.5535623090492937,9.556516666666667,1.0694032044400648,9.279658333333332,0.8673249715578731,4,0
2015-05-31,69.6127,67.583,9.8816,9.2216,62.7339,61.3508,2015,9.7373,10.2276,8.0622,9.0674,9.360566666666665,0.3299793377369447,9.749749999999999,0.821373023053479,9.292508333333334,0.8650335973068812,5,0
2015-06-30,69.2971,67.3095,9.9796,8.4987,62.3815,61.5891,2015,9.2216,9.1228,9.0375,9.4019,9.152533333333333,0.6221817606883925,9.65995,0.9362382191515211,9.217241666666668,0.8934762879880791,6,0
2015-07-31,69.466,67.0067,9.3622,9.2237,62.9624,60.8262,2015,8.4987,9.7373,11.1517,9.6865,8.981333333333334,0.4179740462436685,9.338616666666665,0.587907364868548,9.178675,0.881284616212444,7,0
2015-08-31,69.9063,67.4625,10.1927,9.3036,62.781,61.1861,2015,9.2237,9.2216,10.2276,9.16,9.008666666666665,0.44344729487652174,9.184616666666667,0.3992027425590667,9.190641666666666,0.881982653363047,8,0
2015-09-30,69.4602,67.383,9.9464,9.0682,62.5514,61.2726,2015,9.3036,8.4987,9.1228,8.6057,9.1985,0.11970618196223735,9.175516666666665,0.4015093593761926,9.229183333333333,0.8640200490448717,9,0
2015-10-31,70.0636,69.1202,9.1516,8.4385,63.6517,63.2875,2015,9.0682,9.2237,9.7373,8.0953,8.936766666666665,0.44727569052353455,8.95905,0.38794199953087694,9.257783333333332,0.8280047373967752,10,0
2015-11-30,69.998,68.083,8.4513,7.5631,64.0823,62.9338,2015,8.4385,9.3036,9.2216,8.0622,8.356599999999998,0.7558850507848133,8.682633333333333,0.6593636073265512,9.216191666666667,0.9026870991739826,11,0
2015-12-31,69.0951,67.4687,10.128,8.8227,62.0972,61.5161,2015,7.5631,9.0682,8.4987,9.0375,8.274766666666666,0.6455652510267968,8.736633333333332,0.6545369406432933,9.198291666666666,0.9086625560863182,12,0
2016-01-31,69.4535,67.1315,14.4577,12.1784,59.4121,58.956,2016,8.8227,8.4385,9.2237,11.1517,9.5214,2.385662337800549,9.229083333333334,1.5681565526651602,9.28385,1.1305566959366788,1,0
2016-02-29,69.8304,66.8152,10.6818,10.3678,62.3712,59.8879,2016,12.1784,7.5631,9.3036,10.2276,10.4563,1.6795995981185503,9.40645,1.6369449700585577,9.295533333333333,1.14186404248279,2,0
2016-03-31,68.4174,66.1132,10.4975,10.4646,61.2354,59.1947,2016,10.3678,8.8227,9.0682,9.1228,11.0036,1.0185572345234222,9.639183333333333,1.6779883020053141,9.40735,1.1881702078100007,3,0
2016-04-30,68.6765,67.477,9.3928,9.3195,62.2258,61.1884,2016,10.4646,12.1784,8.4385,9.7373,10.050633333333336,0.6350271831451955,9.786016666666667,1.5880441120027728,9.372533333333333,1.1837358844955288,4,0
2016-05-31,67.5007,66.3634,9.4105,9.2374,61.1486,60.2331,2016,9.3195,10.3678,7.5631,9.2216,9.673833333333333,0.686053236515444,10.065066666666667,1.2248941859061433,9.37385,1.1835615139369458,5,0
2016-06-30,69.0728,67.2719,10.5653,9.19,61.7751,61.0896,2016,9.2374,10.4646,8.8227,8.4987,9.248966666666666,0.06552025132206919,10.126283333333333,1.157722824196998,9.431458333333333,1.15353547800453,6,0
2016-07-31,68.575,66.0898,10.7714,10.2006,61.1885,59.3483,2016,9.19,9.3195,12.1784,9.2237,9.542666666666667,0.5702796623879473,9.79665,0.6072893931232534,9.512866666666666,1.1718661367341536,7,0
2016-08-31,68.2991,66.6965,10.0949,9.2326,61.4044,60.5386,2016,10.2006,9.2374,10.3678,9.3036,9.541066666666666,0.5715696399681416,9.60745,0.5694141331228184,9.50695,1.1731972418062557,8,0
2016-09-30,68.8319,66.3493,9.4703,8.8534,62.3133,60.4751,2016,9.2326,9.19,10.4646,9.0682,9.428866666666666,0.6947139075427444,9.338916666666666,0.45219169570733964,9.489049999999999,1.1821048472956988,9,0
2016-10-31,69.0122,68.1439,9.3466,8.628,62.562,62.2644,2016,8.8534,10.2006,9.3195,8.4385,8.904666666666666,0.30554294842673535,9.223666666666666,0.5380923291282641,9.504841666666666,1.167976099115923,10,0
2016-11-30,68.597,67.2028,8.8846,7.7732,62.5024,61.979,2016,8.628,9.2326,9.2374,7.5631,8.4182,0.5698421184854299,8.979633333333334,0.7992581702220394,9.52235,1.137397088651415,11,0
2016-12-31,68.8509,66.7853,10.1517,9.0971,61.8614,60.7098,2016,7.7732,8.8534,9.19,8.8227,8.499433333333334,0.671248719427677,8.964149999999998,0.7952576934554083,9.545216666666667,1.1247402260347026,12,0
2017-01-31,68.4064,66.2193,13.7155,11.9569,59.0241,58.3015,2017,9.0971,8.628,10.2006,12.1784,9.609066666666665,2.1383214967196373,9.256866666666667,1.4195646990069453,9.526758333333333,1.0784635472057007,1,0
2017-02-28,67.8937,66.3403,11.4087,10.873,60.1479,59.1271,2017,11.9569,7.7732,9.2326,10.3678,10.642333333333331,1.4437864604342727,9.530266666666666,1.564521165937577,9.568858333333333,1.1232123764682715,2,0
2017-03-31,67.8098,65.7488,11.0298,9.9046,60.3305,59.2366,2017,10.873,9.0971,8.8534,10.4646,10.911499999999998,1.0266915359542004,9.705466666666666,1.5320861015839398,9.522191666666666,1.0938631487101336,3,0
2017-04-30,68.163,66.9937,11.0747,9.1359,60.6142,60.8732,2017,9.9046,11.9569,8.628,9.3195,9.971166666666667,0.8704610521633441,9.790116666666666,1.4735614780750321,9.506891666666666,1.0982312527285336,4,0
2017-05-31,67.8756,66.3737,10.6375,9.838,60.6553,59.8438,2017,9.1359,10.873,7.7732,9.2374,9.626166666666666,0.425887242510634,10.13425,1.102786526486429,9.556941666666665,1.0985187410643862,5,0
2017-06-30,68.841,67.369,11.2409,8.9773,61.1027,61.3211,2017,9.838,9.9046,9.0971,9.19,9.317066666666667,0.4580580130652748,10.114283333333333,1.1261573414344328,9.539216666666666,1.1066635292489242,6,0
2017-07-31,67.8374,65.9925,11.7674,9.9404,59.8547,59.4325,2017,8.9773,9.1359,11.9569,10.2006,9.585233333333333,0.528969416255147,9.7782,0.6780027994042559,9.517533333333333,1.0950144866898306,7,0
2017-08-31,67.9905,66.447,10.3695,9.5168,60.9402,60.1233,2017,9.9404,9.838,10.873,9.2326,9.478166666666667,0.4827108900090302,9.552166666666666,0.41512299221637616,9.541216666666665,1.0913588992488603,8,0
2017-09-30,68.2579,66.0029,10.9052,9.5469,60.8142,59.7017,2017,9.5168,8.9773,9.9046,8.8534,9.668033333333334,0.2363560943434963,9.49255,0.3784518714447209,9.599008333333334,1.06977349893103,9,0
2017-10-31,67.4579,67.2315,9.7328,8.7399,60.8924,61.3555,2017,9.5469,9.9404,9.1359,8.628,9.267866666666668,0.45748016714750295,9.42655,0.4752422319196941,9.608333333333333,1.0609916119395324,10,0
2017-11-30,67.3676,66.438,9.9617,8.7648,60.6566,60.6148,2017,8.7399,9.5168,9.838,7.7732,9.0172,0.4589025713590753,9.247683333333333,0.49110857217796755,9.690966666666666,0.936367746651754,11,0
2017-12-31,67.4502,66.1025,10.0804,8.9122,60.6509,60.2113,2017,8.7648,9.5469,8.9773,9.0971,8.805633333333333,0.0931254172248426,9.236833333333333,0.4989336094779365,9.675558333333333,0.9484715469526612,12,0
2018-01-31,66.2771,65.3138,13.9287,12.1374,57.0455,57.3864,2018,8.9122,8.7399,9.9404,11.9569,9.938133333333333,1.906046193913809,9.603,1.292941336642931,9.6906,0.9885255595168839,1,0
2018-02-28,66.6106,65.1189,12.2467,11.1882,58.4531,57.8333,2018,12.1374,8.7648,9.5168,10.873,10.745933333333333,1.6574614967875814,9.881566666666666,1.4421039333788224,9.716866666666666,1.0262671700110118,2,0
2018-03-31,67.6999,65.094,11.0233,9.7716,60.2371,58.7333,2018,11.1882,8.9122,9.5469,9.9046,11.0324,1.1905703003182977,9.919016666666666,1.4345727341848757,9.705783333333335,1.0247724890152012,3,0
2018-04-30,66.6927,66.2871,11.0226,9.7292,59.3414,59.8379,2018,9.7716,12.1374,8.7399,9.1359,10.229666666666667,0.8303848826497983,10.0839,1.324582184690705,9.755225,1.008968545437272,4,0
2018-05-31,68.0643,65.8229,10.484,9.9795,60.9284,59.2541,2018,9.7292,11.1882,8.7648,9.838,9.826766666666666,0.1339591106767663,10.28635,1.1659801331926705,9.767016666666667,1.0108489607825384,5,0
2018-06-30,67.1417,66.039,11.4099,9.3085,59.4809,59.8918,2018,9.9795,9.7716,8.9122,8.9773,9.672400000000001,0.33908690626441657,10.3524,1.080673414126579,9.794616666666668,0.9916659920038376,6,0
2018-07-31,67.831,65.4522,10.3826,10.0423,60.7884,58.8793,2018,9.3085,9.7292,12.1374,9.9404,9.776766666666667,0.40674465372431007,10.003216666666667,0.6352382463821498,9.803108333333332,0.9934624844985573,7,0
2018-08-31,66.3187,65.7981,10.4404,9.4292,59.3948,59.5938,2018,10.0423,9.9795,11.1882,9.5168,9.593333333333334,0.39347226501153076,9.71005,0.292324345547896,9.795808333333333,0.9960759504250353,8,0
2018-09-30,67.968,65.8376,10.7836,9.6707,60.6386,59.4706,2018,9.4292,9.3085,9.7716,9.5469,9.714066666666666,0.3088420362148061,9.693233333333334,0.2909745120567651,9.806125,0.9939023101117334,9,0
2018-10-31,66.8259,66.2749,10.5788,9.3615,59.7565,60.0706,2018,9.6707,10.0423,9.7292,8.7399,9.487133333333333,0.16253726752133701,9.63195,0.31923356809710096,9.857925,0.9484397034795353,10,0
2018-11-30,66.1807,64.6034,10.1508,8.9905,59.4628,58.7952,2018,9.3615,9.4292,9.9795,8.7648,9.3409,0.34056758506934487,9.467116666666668,0.35698663513733137,9.876733333333332,0.9267820871001349,11,0
2018-12-31,67.1643,66.4131,11.094,9.9891,59.7131,59.779,2018,8.9905,9.6707,9.3085,8.9122,9.447033333333335,0.5047647504861071,9.58055,0.4018213321863424,9.966475,0.8756210431096025,12,0
2019-01-31,65.9694,64.9589,13.975,13.0752,56.7502,56.4654,2019,9.9891,9.3615,10.0423,12.1374,10.684933333333333,2.1293969905429404,10.086033333333335,1.5015716481962063,10.044625,1.1000744198999297,1,0
2019-02-28,66.1875,65.4678,12.8654,12.0926,57.6722,57.551,2019,13.0752,8.9905,9.4292,11.1882,11.718966666666667,1.5766117795238481,10.529933333333334,1.6544596443149249,10.119991666666667,1.2109379245844745,2,0
2019-03-31,67.0639,64.9358,12.3335,11.1814,58.7926,57.6751,2019,12.0926,9.9891,9.6707,9.7716,12.116399999999999,0.9471243001845279,10.781716666666666,1.6119516983044704,10.237475,1.242053289828062,3,0
2019-04-30,65.8753,64.1504,11.4271,10.6566,58.3477,57.3141,2019,11.1814,13.0752,9.3615,9.7292,11.3102,0.7266127441767141,10.997566666666666,1.4636278798474238,10.314758333333334,1.2363917387876744,4,0
2019-05-31,66.656,64.6603,11.7058,10.9519,58.8533,57.5788,2019,10.6566,12.0926,8.9905,9.9795,10.929966666666667,0.2630866080463642,11.324466666666666,1.099419850042131,10.395791666666666,1.2442618983728502,5,0
2019-06-30,66.8036,65.1141,10.9956,9.7229,59.4581,58.7831,2019,10.9519,11.1814,9.9891,9.3085,10.443799999999998,0.6415396558280696,11.2801,1.1673578097567159,10.430325,1.2167891354820923,6,0
2019-07-31,66.8801,64.3431,10.8079,11.2807,59.6517,57.0848,2019,9.7229,10.6566,13.0752,10.0423,10.651833333333334,0.821106091399483,10.981016666666667,0.7816050906094881,10.533525,1.2332921633689469,7,0
2019-08-31,65.6235,64.0294,11.7741,11.1973,57.8969,56.8598,2019,11.2807,10.9519,12.0926,9.4292,10.733633333333332,0.8763134675065412,10.831800000000001,0.5885745288406569,10.680866666666667,1.1943676115481094,8,0
2019-09-30,66.1904,64.3049,10.5372,10.8003,59.2158,57.3598,2019,11.1973,9.7229,11.1814,9.6707,11.092766666666668,0.25669330597688783,10.768283333333335,0.5633233118438012,10.775,1.1512502500246424,9,0
2019-10-31,66.3425,65.4946,10.5011,10.1236,59.3758,58.8641,2019,10.8003,11.2807,10.6566,9.3615,10.707066666666668,0.5428878920489367,10.679450000000001,0.6232914302314793,10.838508333333332,1.085318911203124,10,0
2019-11-30,66.7133,64.9967,10.5873,9.6186,59.6502,58.7449,2019,10.1236,11.1973,10.9519,8.9905,10.180833333333334,0.5929253438109453,10.457233333333333,0.7344866606458362,10.89085,0.999875186301671,11,0
2019-12-31,66.75,64.6221,10.9814,9.9497,59.4199,58.1924,2019,9.6186,10.8003,9.7229,9.9891,9.8973,0.25654545406221707,10.495033333333334,0.693847947800288,10.887566666666666,1.003164772410816,12,0
2020-01-31,66.134,63.9319,13.447,13.4585,57.241,55.3277,2020,9.9497,10.1236,11.2807,13.0752,11.008933333333333,2.12783679903637,10.857999999999999,1.398679279892285,10.919508333333333,1.0821464582934017,1,1
2020-02-29,66.034,64.3118,12.0407,12.8131,58.083,56.0715,2020,13.4585,9.6186,11.1973,12.0926,12.073766666666666,1.867586595939627,11.1273,1.615776916532724,10.979549999999998,1.1696050557190747,2,1
2020-03-31,61.2078,60.4143,14.021,13.1828,52.6258,52.45,2020,12.8131,9.9497,10.8003,11.1814,13.151466666666666,0.32383888483840734,11.524383333333333,1.8014313991009094,11.146333333333333,1.3323766470848073,3,1
2020-04-30,55.088,53.4456,24.3791,20.4853,41.658,42.4971,2020,13.1828,13.4585,10.1236,10.6566,15.493733333333333,4.326773955654885,13.251333333333335,3.9158005866829626,11.965391666666667,2.9917110313963757,4,1
2020-05-31,60.5432,56.6972,25.2178,21.972,45.2756,44.2397,2020,20.4853,12.8131,9.6186,10.9519,18.5467,4.70437420174035,15.310233333333334,4.776742227781044,12.883733333333334,4.127937101206258,5,1
2020-06-30,61.2405,58.8786,25.7887,20.3591,45.4474,46.8915,2020,21.972,13.1828,9.9497,9.7229,20.9388,0.8969996042363677,17.045133333333332,4.307732593681576,13.770083333333332,4.511614863042302,6,1
2020-07-31,61.5487,58.0955,25.6464,20.9147,45.7637,45.945,2020,20.3591,20.4853,13.4585,11.2807,21.081933333333335,0.8193514772876996,18.287833333333335,4.1382747195741585,14.572916666666666,4.871208334290433,7,1
2020-08-31,62.2811,60.2357,20.1895,17.4427,49.7068,49.729,2020,20.9147,21.972,12.8131,11.1973,19.572166666666664,1.8649782983545673,19.059433333333335,3.2494902428945016,15.093366666666668,4.811027362090954,8,1
2020-09-30,63.9089,61.0137,18.826,16.2928,51.8774,51.0728,2020,17.4427,20.3591,13.1828,10.8003,18.216733333333334,2.406207722399181,19.577766666666665,2.2046930939853198,15.551074999999999,4.623065521358386,9,1
2020-10-31,65.2371,63.3435,17.3062,15.2814,53.947,53.6637,2020,16.2928,20.9147,20.4853,10.1236,16.338966666666668,1.0813893578787446,18.71045,2.735875683396433,15.980891666666666,4.301145875748655,10,1
2020-11-30,64.6508,62.2082,15.8742,13.9128,54.3881,53.5533,2020,15.2814,17.4427,21.972,9.6186,15.162333333333335,1.194459146782916,17.367250000000002,2.792121002213174,16.338741666666667,3.88189249428638,11,1
2020-12-31,64.1074,62.429,15.9247,13.9142,53.8985,53.7425,2020,13.9128,16.2928,20.3591,9.9497,14.369466666666668,0.7897577434462741,16.2931,2.6468584019550243,16.669116666666664,3.431256858203661,12,1
2021-01-31,63.29,60.75,19.42,17.56,51.0,50.08,2021,13.9142,15.2814,20.9147,13.4585,15.129,2.105307872972511,15.733983333333333,1.6370386292530101,17.010908333333333,3.283464289008932,1,1
2021-02-28,64.68,62.51,18.07,15.59,52.99,52.77,2021,17.56,13.9128,17.4427,12.8131,15.688066666666666,1.8248773145977215,15.425199999999998,1.4091425080522941,17.242316666666667,3.050295112349657,2,1
2021-03-31,64.35,61.6,16.64,14.73,53.65,52.53,2021,15.59,13.9142,16.2928,13.1828,15.96,1.4508273501695732,15.164733333333333,1.360288867361112,17.37125,2.8916789210988205,3,1
2021-04-30,63.45,61.02,17.41,15.49,52.4,51.57,2021,14.73,17.56,15.2814,20.4853,15.270000000000001,0.4703190406522405,15.1995,1.3665184945692868,16.954975,2.759154225853535,4,1
2021-05-31,63.69,61.45,16.54,15.2,53.15,52.11,2021,15.49,15.59,13.9128,21.972,15.14,0.38353617821535374,15.41403333333333,1.2169732974336687,16.390641666666664,2.292874030738126,5,1
2021-06-30,64.22,61.22,16.22,14.65,53.81,52.25,2021,15.2,14.73,13.9142,20.3591,15.113333333333335,0.4266536456346901,15.536666666666667,1.0629330490047697,15.914883333333334,1.9631839745369648,6,0
2021-07-31,63.08,61.06,14.68,13.06,53.82,53.09,2021,14.65,15.49,17.56,20.9147,14.303333333333333,1.1113205358191398,14.786666666666667,0.9288846358222179,15.260325,1.36201179084803,7,0
2021-08-31,63.33,61.32,13.36,12.86,54.87,53.43,2021,13.06,15.2,15.59,17.4427,13.523333333333333,0.9808329793258949,14.331666666666665,1.1080327913318149,14.878433333333334,1.3367036057768893,8,0
2021-09-30,63.09,60.92,13.28,11.96,54.71,53.63,2021,12.86,14.65,14.73,16.2928,12.626666666666667,0.5859465277081833,13.87,1.4370803735351425,14.517366666666666,1.4956583295618846,9,0
2021-10-31,62.51,62.06,12.93,12.0,54.43,54.61,2021,11.96,13.06,15.49,15.2814,12.273333333333333,0.5084617324177542,13.288333333333332,1.3541405638509507,14.243916666666665,1.6365990622648023,10,0
2021-11-30,63.36,62.19,12.18,11.53,55.64,55.02,2021,12.0,12.86,15.2,13.9128,11.829999999999998,0.26057628441574504,12.676666666666668,1.1279125261590857,14.04535,1.8152280640584602,11,0
2021-12-31,62.55,62.47,11.41,11.1,55.41,55.54,2021,11.53,11.96,14.65,13.9142,11.543333333333331,0.4501481237695408,12.085,0.7552946444930624,13.810833333333335,2.0055262666094844,12,0
2022-01-31,64.46,62.57,14.83,14.65,54.9,53.41,2022,11.1,12.0,13.06,17.56,12.426666666666668,1.937429568612308,12.35,1.2696141146032922,13.568333333333333,1.6565508160212228,1,0
2022-02-28,65.51,64.16,12.72,12.91,57.18,55.88,2022,14.65,11.53,12.86,15.59,12.886666666666665,1.775115019747535,12.358333333333334,1.2737883131299992,13.344999999999999,1.5354448570661479,2,0
2022-03-31,66.0,63.52,12.64,12.12,57.66,55.82,2022,12.91,11.1,11.96,14.73,13.226666666666667,1.2943853110002848,12.385,1.2654287810856453,13.1275,1.50599483881766,3,0
2022-04-30,65.45,63.57,11.05,11.17,58.22,56.47,2022,12.12,14.65,12.0,15.49,12.066666666666668,0.8712251909427663,12.246666666666664,1.3579199780055407,12.7675,1.4027059887621027,4,0
2022-05-31,65.12,63.78,11.02,10.65,57.95,56.99,2022,11.17,12.91,11.53,15.2,11.313333333333333,0.7454081655933423,12.1,1.491737242278244,12.388333333333335,1.296322303731404,5,0
2022-06-30,65.35,63.67,11.73,11.26,57.69,56.5,2022,10.65,12.12,11.1,14.65,11.026666666666666,0.32929217016689377,12.126666666666667,1.471579650126546,12.105833333333335,1.1154001184518518,6,0
2022-07-31,65.05,63.51,11.27,10.99,57.71,56.53,2022,11.26,11.17,14.65,13.06,10.966666666666667,0.30566866593293535,11.516666666666666,0.8390391329768622,11.933333333333335,1.1144858850065216,7,0
2022-08-31,65.1,63.48,10.82,10.63,58.05,56.73,2022,10.99,10.65,12.91,12.86,10.96,0.31606961258540317,11.136666666666665,0.54741818262327,11.7475,1.131709286473736,8,0
2022-09-30,66.66,64.14,10.45,10.75,59.7,57.25,2022,10.63,11.26,12.12,11.96,10.790000000000001,0.18330302779790916,10.908333333333333,0.2713239146602525,11.646666666666668,1.1644845393667649,9,0
2022-10-31,65.71,63.95,9.9,9.72,59.21,57.74,2022,10.75,10.99,11.17,12.0,10.366666666666667,0.5632347053699729,10.666666666666666,0.5217917847825544,11.456666666666665,1.2816986834476738,10,0
2022-11-30,65.5,63.39,9.11,9.5,59.53,57.36,2022,9.72,10.63,10.65,11.53,9.99,0.6673080248280064,10.475,0.7073542252647516,11.2875,1.3996760988950867,11,0
2022-12-31,65.96,63.81,10.82,10.27,58.82,57.25,2022,9.5,10.75,11.26,11.1,9.83,0.3966106403008499,10.31,0.5940033669937373,11.218333333333334,1.4299639749647393,12,0
2023-01-31,65.46,63.38,14.5,13.7,55.97,54.7,2023,10.27,9.72,10.99,14.65,11.156666666666666,2.2359859868374006,10.761666666666668,1.5211760800993963,11.139166666666666,1.2358247767332822,1,0
2023-02-28,65.18,63.75,11.51,11.35,57.68,56.52,2023,13.7,9.5,10.63,12.91,11.773333333333333,1.753748366594605,10.881666666666666,1.5370285184948795,11.009166666666667,1.1080569261166782,2,0
2023-03-31,66.77,64.33,10.47,10.03,59.78,57.88,2023,11.35,10.27,10.75,12.12,11.693333333333333,1.8589333859321704,10.761666666666665,1.5769517008033458,10.834999999999999,1.0815182930407654,3,0
2023-04-30,65.95,64.61,11.09,10.72,58.63,57.68,2023,10.03,13.7,9.72,11.17,10.700000000000001,0.6602272336096714,10.928333333333333,1.495585726953345,10.7975,1.076637231045221,4,0
2023-05-31,65.67,63.86,11.22,10.48,58.3,57.17,2023,10.72,11.35,9.5,10.65,10.41,0.3502855977625541,11.091666666666667,1.3553363666140463,10.783333333333333,1.0798681176491622,5,0
2023-06-30,66.57,64.33,8.84,9.34,60.69,58.32,2023,10.48,10.03,10.27,11.26,10.180000000000001,0.7372923436465763,10.936666666666667,1.5121992813999632,10.623333333333333,1.1432038976119472,6,0
2023-07-31,67.06,64.79,9.79,9.57,60.5,58.59,2023,9.34,10.72,13.7,10.99,9.796666666666667,0.6028543218167879,10.248333333333333,0.7513565509573775,10.505,1.1748539561076583,7,0
2023-08-31,66.39,64.44,9.58,9.28,60.03,58.47,2023,9.57,10.48,11.35,10.63,9.396666666666667,0.15307950004218007,9.903333333333334,0.6053979407518387,10.3925,1.2253468896602298,8,0
2023-09-30,66.65,64.19,9.64,9.25,60.23,58.25,2023,9.28,9.34,10.03,10.75,9.366666666666667,0.17672954855700482,9.773333333333333,0.6545125412599573,10.2675,1.26153676125589,9,0
2023-10-31,66.72,64.03,8.95,9.23,60.75,58.12,2023,9.25,9.57,10.72,9.72,9.253333333333332,0.025166114780765393,9.525,0.4839318133786012,10.226666666666667,1.288511003468968,10,0
2023-11-30,67.26,64.08,8.66,9.01,61.43,58.31,2023,9.23,9.28,10.48,9.5,9.163333333333332,0.13316656236892035,9.280000000000001,0.1811077027624795,10.185833333333333,1.3209876355717092,11,0
2023-12-31,66.26,63.83,10.24,10.01,59.48,57.43,2023,9.01,9.25,9.34,10.27,9.416666666666666,0.5254839039715336,9.391666666666667,0.3517053691181987,10.164166666666667,1.3216137403900885,12,0
2024-01-31,65.89,63.27,12.38,12.66,57.74,55.26,2024,10.01,9.23,9.57,13.7,10.56,1.8861336113859664,9.906666666666666,1.3912105040814509,10.077499999999999,1.0808340634562161,1,0
2024-02-29,66.48,63.81,11.62,11.67,58.76,56.36,2024,12.66,9.01,9.28,11.35,11.446666666666667,1.339041946069363,10.305,1.5127425425365333,10.104166666666666,1.118379170807903,2,0
2024-03-31,67.09,63.89,10.76,11.29,59.87,56.68,2024,11.67,10.01,9.25,10.03,11.873333333333335,0.7072717535242307,10.645,1.456403103539639,10.209166666666667,1.1687947042171527,3,0
2024-04-30,66.57,63.97,10.35,10.65,59.69,57.16,2024,11.29,12.66,9.23,10.72,11.203333333333333,0.5154932912591755,10.881666666666668,1.2858680595872023,10.203333333333333,1.1661851820306584,4,0
2024-05-31,67.07,64.11,10.31,10.31,60.16,57.5,2024,10.65,11.67,9.01,10.48,10.75,0.49759421218485783,11.098333333333334,0.980742915685122,10.189166666666667,1.163548321716678,5,0
2024-06-30,66.95,63.7,10.2,10.27,60.12,57.16,2024,10.31,11.29,10.01,9.34,10.41,0.20880613017787397,11.141666666666666,0.9273277018759624,10.266666666666667,1.1324015777688292,6,0
2024-07-31,66.96,64.17,10.21,9.92,60.12,57.8,2024,10.27,10.65,12.66,9.57,10.166666666666666,0.21455380055637605,10.685,0.6686628447879329,10.295833333333333,1.1172324437346657,7,0
2024-08-31,67.23,64.5,10.0,9.66,60.51,58.27,2024,9.92,10.31,11.67,9.28,9.950000000000001,0.3061045573000266,10.35,0.5731666424347239,10.327499999999999,1.0908972537236572,8,0
2024-09-30,66.2,63.49,9.16,9.13,60.14,57.69,2024,9.66,10.27,11.29,9.25,9.57,0.4026164427837412,9.99,0.5421807816585711,10.3175,1.1021641933445798,9,0
2024-10-31,66.7,63.91,9.47,9.13,60.38,58.07,2024,9.13,9.92,10.65,9.23,9.306666666666667,0.3059956426702168,9.736666666666666,0.5270167612766871,10.309166666666666,1.1114728830236789,10,0
2024-11-30,66.73,63.73,8.03,8.17,61.38,58.53,2024,9.13,9.66,10.31,9.01,8.81,0.5542562584220412,9.38,0.741781639028566,10.239166666666668,1.2217160682888442,11,0
2024-12-31,66.02,64.37,9.01,9.13,60.07,58.5,2024,8.17,9.13,10.27,10.01,8.81,0.5542562584220412,9.190000000000001,0.6008327554319153,10.165833333333333,1.2624540195647336,12,0
2025-01-31,65.65,64.12,11.11,11.64,58.36,56.66,2025,9.13,9.13,9.92,12.66,9.646666666666667,1.7917682141765254,9.476666666666668,1.1646057988291882,10.080833333333333,1.1036011988307228,1,0
2025-02-28,66.82,64.67,9.78,10.33,60.29,57.99,2025,11.64,8.17,9.66,11.67,10.366666666666667,1.2554016621517334,9.588333333333333,1.2166579908366073,9.969166666666666,0.9901465303252622,2,0
2025-03-31,67.38,64.73,9.33,9.62,61.09,58.5,2025,10.33,9.13,9.13,11.29,10.53,1.0247438704378782,9.67,1.1960100334026895,9.83,0.9009691751361202,3,0
2025-04-30,65.87,63.72,8.74,8.78,60.11,58.13,2025,9.62,11.64,9.13,10.65,9.576666666666666,0.7759080701560798,9.611666666666666,1.235498549843977,9.674166666666666,0.9079393084776076,4,0
2025-05-31,66.58,63.97,8.98,9.04,60.6,58.19,2025,8.78,10.33,8.17,10.31,9.146666666666667,0.43003875794319824,9.756666666666666,1.0728031817004315,9.568333333333333,0.9010784784037595,5,0
2025-06-30,66.45,63.89,8.35,8.55,60.9,58.43,2025,9.04,9.62,9.13,10.27,8.790000000000001,0.24515301344260876,9.659999999999998,1.1629101427023083,9.425,0.915994243729439,6,0
2025-07-31,67.0,64.62,8.44,8.84,61.35,58.9,2025,8.55,8.78,11.64,9.92,8.81,0.2463736998950823,9.193333333333333,0.6643994782256935,9.335,0.9159942437294399,7,0
2025-08-31,66.74,63.94,7.79,8.6,61.54,58.44,2025,8.84,9.04,10.33,9.66,8.663333333333334,0.1550268793897514,8.905,0.3920076529864049,9.246666666666668,0.9327606468126963,8,0
2025-09-30,66.38,63.88,8.14,8.17,60.98,58.66,2025,8.6,8.55,9.62,9.13,8.536666666666667,0.339460356055495,8.663333333333334,0.2989760302542317,9.166666666666666,0.9834663495036713,9,0
2025-10-31,67.66,65.01,8.03,8.2,62.23,59.68,2025,8.17,8.84,8.78,9.13,8.323333333333332,0.2400694344003861,8.566666666666666,0.3440736355296356,9.089166666666666,1.0224876823737674,10,0
2025-11-30,67.35,64.72,7.27,7.02,62.46,60.17,2025,8.2,8.6,9.04,8.17,7.796666666666666,0.6727803009402957,8.229999999999999,0.644980619863821,8.993333333333334,1.1609818206495772,11,0
2025-12-31,66.74,64.32,7.79,7.98,61.54,59.19,2025,7.02,8.17,8.55,9.13,7.733333333333333,0.6274817394421245,8.135,0.6302301167033515,8.8975,1.195621747726422,12,0
